STATION,DATE,CYCLE,SUBAREA4,"TIME
LANDING","TIME
TAKEOFF","TIME
SAMPLE",DUPE,LOGBOOK,CHOPPER,PILOT,CREW,"YSI ID
#","CAMERA A
#","CAMERA B
#","CHAMBER
#","GARMIN
#","TRIMBLE
#","TRIMBLE
FILE NAME",TRIMBLE LAT,TRIMBLE LONG,LOCATION,WEATHER,FLOW,AIR DEP,CHLAVOL,"YSIDEPTH
",TEMP,COND,pH,TURB,DO,ORPDEPTH,ORP,WATDEPTH1,WATDEPTH2,WATDEPTH3,WATDEPAV,DEPBEDR1,DEPBEDR2,DEPBEDR3,DEPBEDRAV,SOILTHI1,SOILTHI2,SOILTHI3,SOILTHAV,FLOCTH1,FLOCTH2,FLOCTH3,PB1,PB2,PB3,SOILCTH1,SOILCTH2,SOILCTH3,FLOCCONTB,FLOCCONTT,FLOCCOLPOR,SOILTYPE,PERI,PF PERIF,PE PERISW,PB PERISM,GREEN AL,FLOC/FILM,BIOVOLUME,DEVICE,VEGTYPE,DOMINANT MACRO,CATTAIL,PLANT COLL,LEAF COLL,FISHNUM,NOTES
,mm/dd/yyyy,,,hh:mm,hh:mm,hh:mm,Y/N,,,,,,,,,,,,dec deg,dec deg,,,,Y/N,ML,IN,C,umhos/cm,,NTU,MG/L,FEET,mV,FEET,FEET,FEET,FEET,FEET,FEET,FEET,FEET,FEET,FEET,FEET,FEET,CM,CM,CM,CM,CM,CM,CM,CM,CM,storemore,tub,,, % COVER,Y/N,Y/N, Y/N,Y/N,Y/N,mL,T/Q,,,,Y/N,Y/N,,
022,09/07/2014,11,ENP,13:10,16:05,14:00,Y,1,N900HH,JORGE GOMES,CDD/MCF,18,S49551,SI5996,3,S49529,A77114,4090715A,25.60097083,-80.80347947,NOMINAL,6,1,N,140,6,30.7,349,8.21,0.4,9.01,0.4,153,0.60,0.70,0.60,0.63,0.95,1.00,1.00,0.98,0.35,0.30,0.40,0.35,0.0,0.0,0.0,3.0,4.0,4.0,10.5,10.0,10.5,0,0,NONE,3,100,N,Y,Y,N,N,65,Q,1,,N,N,N,6,"Landed on site, one meter from point.  Had to wait for rain to stop prior to sampling.  Had to remover polarizer from camera because of fogging lens.  Not many fish after 20 minutes of searching."
023,09/06/2014,11,ENP,12:48,14:10,13:00,N,2,N31AT,CARLOS LUQUE,JWA/BCS,18,S49551,S15996,2,S49553,A77113,3090613B,25.59511500,-80.55801700,NOMINAL,5,2,N,140,3,28.68,376,7.51,3.5,7.36,0.2,79.6,0.15,0.00,0.00,0.05,0.90,0.00,0.60,0.50,0.75,0.00,0.60,0.45,0.0,0.0,0.0,0.0,0.0,0.0,10.0,10.0,10.0,0,0,NONE,1,0,N,N,N,N,N,0,Q,2,sawgrass,N,N,Y,0,Collected water samples from small pool 2 ft x 6 ft approximately 2 inches deep. Soil cores and water/soil depth taken in and around pool. Dry benthic periphyton collected from surface of pinnacle rock.   Diagram in logbook pg17
024,09/07/2014,11,ENP,11:10,13:00,11:35,N,1,N900HH,JORGE GOMES,CDD/MCF,18,S49551,SI5996,3,S49529,A77114,4090712A,25.58539019,-80.85136170,NOMINAL,5,1,N,140,3,28.56,331,7.52,0.5,5.55,0.4,141.2,1.00,0.80,0.80,0.87,2.20,2.10,2.10,2.13,1.20,1.30,1.30,1.27,0.0,1.0,0.0,6.0,2.0,2.0,10.0,10.0,10.0,2,0,ALL,9,30,N,Y,Y,N,N,600,Q,2,sawgrass,N,N,Y,2,Landed 1 meter from point.  Benthic periphyton cookie collected from second core.  Picture 3 of soil cores was taken after the soil core moved up core tube.  Length of soil core was absolutely 10 cm prior to movement.
025,09/10/2014,11,ENP,8:15,10:10,8:30,N,1,N900HH,JORGE GOMES,CDD/MCF,18,S49549,S15995,2,S49529,A77112,2091009A,25.75509570,-80.55951546,NOMINAL,1,1,Y,140,6,27.6,621,7.2,0.2,1.8,0.2,100.1,1.00,0.90,0.80,0.90,3.40,3.40,3.40,3.40,2.40,2.50,2.60,2.50,2.0,3.0,2.0,0.0,0.0,0.0,10.0,10.0,10.0,1,0,PART,1,0,N,N,N,N,Y,0,Q,2,sawgrass,N,N,N,0,2 Files logged on sonde.  One at 6 inches and one at bottom for ORP.  Water drained from soil core 3 before picture could be taken.
026,09/05/2014,11,ENP,15:55,18:05,16:10,N,3,N31AT,CARLOS LUQUE,SED/HNJ,18,S49551,S15996,1,S49553,A77114,4090516A,25.52753509,-80.76061764,NOMINAL,3,1,N,140,3,32.25,478,7.75,1,7.88,0.2,133.1,1.10,1.10,1.20,1.13,2.60,2.30,2.40,2.43,1.50,1.20,1.20,1.30,9.0,8.5,7.5,0.0,0.5,0.0,9.5,10.0,10.5,1,0,PART,9,95,N,Y,Y,N,N,1650,Q,2,sawgrass,N,N,Y,0,"PB  not a ""cookie"" but was above soil + under floc in core #2. Core #3 mixed peat marl, all 3 mostly peat w/marl. Soil PB not consolidated (affixed to soil)."
027,09/05/2014,11,ENP,15:15,16:58,15:30,N,1,N900HH,JORGE GOMES,CDD/MCF,12,S49549,S15995,2,S49529,A77113,3090516A,25.45150192,-80.61278591,NOMINAL,3,1,N,140,6,34.3,378,8.17,0.3,10.53,0.4,12.9,0.80,0.40,0.70,0.63,1.50,1.30,1.60,1.47,0.70,0.90,0.90,0.83,0.0,0.0,0.0,3.0,3.0,1.0,10.0,10.0,10.5,0,0,NONE,3,95,N,Y,Y,N,N,850,Q,1,sawgrass,N,N,Y,19,Landed 2 meters from point.
028,09/08/2014,11,ENP,11:45,13:20,12:00,N,1,N900HH,JORGE GOMES,CDD/MCF,18,S49551,SI5996,3,S15364,A77114,4090812A,25.71443078,-80.85262662,NOMINAL,1,1,N,140,1,31.51,399,7.73,0.4,10.32,0.2,166.7,0.30,0.30,0.30,0.30,0.80,0.90,1.20,0.97,0.50,0.60,0.90,0.67,0.0,0.0,0.0,1.0,1.5,2.0,10.0,10.0,10.0,0,0,NONE,9,100,N,Y,Y,N,N,250,Q,2,sawgrass,N,N,Y,18,Landed 4 meters from point.  Problems with polarizer fogging up.  Some pictures taken without polarizer.  Used quadrat for collection and estimated cover.
029,09/08/2014,11,ENP,9:25,11:25,9:40,N,3,N31AT,CARLOS LUQUE,SED/HNJ,12,S49549,S15995,2,S49552,A77112,2090810A,25.62151132,-80.68455515,NOMINAL,2,1,Y,140,6,26.95,618,7.28,0.6,2.89,1.4,-24.9,1.50,1.50,1.50,1.50,2.20,2.70,2.50,2.47,0.70,1.20,1.00,0.97,3.5,2.5,7.0,0.0,0.0,0.0,10.0,10.0,10.0,1,0,ALL,1,75,Y,N,N,N,N,1150,Q,2,sawgrass,N,N,N,11,Edge of sawgrass marsh + slough. Floc allowed to settle after photos prior to measurements.
030,09/04/2014,11,ENP,14:50,16:30,15:05,N,2,N31AT,GARY FREEMAN,JWA/BCS,18,S49551,S15996,3,S49553,A77114,4090415A,25.36922300,-80.81188000,NOMINAL,1,3,N,140,3,30.25,399,7.66,0.4,10.48,0.2,135.1,0.20,0.30,0.20,0.23,1.30,1.85,1.45,1.53,1.10,1.55,1.25,1.30,0.0,0.0,0.0,1.0,0.5,4.0,9.5,10.0,10.0,0,0,NONE,9,90,N,N,Y,N,N,0,Q,2,sawgrass,N,N,N,7,2 Files logged on sonde. Recorded second file in logbook.
031,09/05/2014,11,ENP,9:00,11:50,9:20,N,1,N900HH,JORGE GOMES,CDD/MCF,12,S49549,S15995,2,S49529,A77113,3090510A,25.33241536,-80.61841378,NOMINAL,2,1,Y,140,6,29.4,369,7.71,1.1,5,0.6,17.3,0.60,0.70,0.60,0.63,3.60,3.70,3.60,3.63,3.00,3.00,3.00,3.00,0.0,0.0,0.0,4.0,4.0,4.0,10.0,10.0,10.0,0,0,NONE,3,100,N,Y,Y,N,N,1200,Q,2,Cladium,N,Y,Y,20,Landed 1 meter from the point.
032,09/04/2014,11,ENP,10:10,13:05,10:30,N,1,5013G,CARLOS LUQUE,CDD/MCF,12,S49549,S15995,2,S49529,A77113,3090411A,25.29950917,-80.59418522,NOMINAL,2,1,N,150,1,29.63,431,7.67,5.7,9.38,0.2,10.4,0.10,0.10,0.20,0.13,1.10,1.20,1.10,1.13,1.00,1.10,0.90,1.00,0.0,1.0,0.0,1.0,3.0,5.0,10.0,10.0,10.0,1,0,ALL,3,80,N,Y,Y,N,N,800,Q,1,Cladium,N,N,N,7,Very shollow water (aprox 1-2 inches).
033,09/07/2014,11,ENP,13:20,16:05,13:30,Y,2,N31AT,CARLOS LUQUE,JWA/BCS,12,S49549,S15995,2,S49552,A77113,2090808A,25.62124919,-80.70867297,NOMINAL,4,1,N,140,6,29.05,577,7.23,0.9,3.5,1.2,-10.4,1.95,1.75,1.85,1.85,2.50,3.45,2.20,2.72,0.55,1.70,0.35,0.87,9.0,10.0,9.0,0.0,0.0,0.0,10.0,10.0,9.5,2,0,ALL,1,20,Y,Y,N,Y,N,200,Q,8,graminoids,N,N,N,0,"Collected duplicate water samples. Used same nitex screen and bottom water filter for duplicate sample. Trimble not working so used Garmin waypoint averaging. Edge station. Spent 1 man hour searching for fish. Caught several golden topminnows, grass shrimp and crayfish."
034,09/05/2014,11,ENP,12:45,15:45,13:00,N,3,N31AT,CARLOS LUQUE,SED/HNJ,18,S49551,S15996,1,S49553,A77114,4090514A,25.50901173,-80.78461000,NOMINAL,2/6,2,N,140,6,31.24,471,7.21,9,5.28,0.7,17.8,1.20,1.20,1.30,1.23,2.80,4.10,2.80,3.23,1.60,2.90,1.50,2.00,8.0,8.0,4.0,0.0,0.0,0.0,9.5,10.0,10.0,1,0,ALL,9,90,Y ,Y,N,N,N,2500,Q,9,spike rush,N,N,N,8,Core 3 = peat over marl. Started raining after H2O samples collected. Soil type changed by PK + DS 9/5/14 based on photos to 9.
035,09/06/2014,11,ENP,8:37,10:40,8:50,N,2,N31AT,CARLOS LUQUE,JWA/BCS,18,S49551,S15996,2,S49553,A77113,3090609A,25.48588100,-80.58639500,NOMINAL,3,2,Y,140,4,26.96,518,7.21,0.6,1.85,0.3,146.1,0.45,0.00,0.45,0.30,2.35,0.05,0.55,0.98,1.90,0.05,0.10,0.68,0.0,0.0,0.0,1.0,1.0,0.0,10.0,8.0,6.0,0,0,NONE,1,0,N,N,N,N,N,0,Q,2,sawgrass,N,N,N,20,
036,09/06/2014,11,ENP,8:55,11:00,9:00,N,3,N900HH,JORGE GOMES,SED/HNJ,12,S49549,S15995,3,S49552,A77114,4090609A,25.49598285,-80.88809567,NOMINAL,2,3,y,140,6,26.92,343,7.02,1.5,2.11,0.5,-24.2,0.90,1.00,1.10,1.00,2.80,3.40,3.30,3.17,1.90,2.40,2.20,2.17,6.5,2.0,2.5,0.0,0.0,0.0,10.0,10.0,10.0,2,0,PART,1,0,N,N,N,N,Y ,0,Q,2,sawgrass,Y,N,Y,0,Floc layer suspended throughout column; allowed to settle prior to decanting - did not collect the upper column portions. Estimated layer after settling somewhat.
037,09/10/2014,11,ENP,8:20,10:00,8:30,N,2,N31AT,CARLOS LUQUE,JWA/BCS,12,S49551,S15996,3,S49553,A77114,4091008A,25.68771300,-80.70220200,NOMINAL,1,1,Y,140,6,28.37,604,7.3,0.4,2.46,0.7,8.7,1.10,1.20,1.10,1.13,3.70,3.60,3.80,3.70,2.60,2.40,2.70,2.57,1.0,3.0,4.0,0.0,0.0,0.0,10.0,9.5,10.0,1,0,ALL,1,5,N,Y,N,N,N,25,T,2,sawgrass,N,N,N,8,
038,09/07/2014,11,ENP,8:35,10:35,8:45,N,2,N31AT,CARLOS LUQUE,JWA/BCS,12,S49549,S15995,2,S49552,A77113,3090709A,25.54231500,-80.77347500,NOMINAL,2,1,Y,140,6,27.78,449,6.90,0.5,0.65,1.1,-109.1,1.55,1.55,1.55,1.55,3.20,3.25,3.40,3.28,1.65,1.70,1.85,1.73,9.0,10.0,9.0,0.0,0.0,0.0,10.0,10.0,9.5,2,0,ALL,7,50,Y,N,N,N,N,360,Q,8,grass,Y,Y,Y,4,Cattail within 20 meters of sample point. Floating perphyton attached to bladderwort.  Photos 183 & 184 soil core 1.  Site could be considered a slough.
040,09/08/2014,11,ENP,9:30,11:30,9:40,N,1,N900HH,JORGE GOMES,CDD/MCF,18,S49551,SI5996,3,S15364,A77114,4090810A,25.68719454,-80.95633815,NOMINAL,1,1,Y,140,2,27.38,336,7.5,0.1,6.06,0.3,154.5,0.30,0.30,0.30,0.30,0.60,0.80,0.60,0.67,0.30,0.50,0.30,0.37,0.0,0.0,0.0,6.0,6.0,5.0,10.0,7.0,10.0,0,0,NONE,9,100,N,Y,Y,N,N,100,Q,2,sawgrass/graminoids,N,Y,Y,22,Landed 0 meters from point.  Used quadrat for estimating cover and collection.
041,09/06/2014,11,ENP,15:40,17:29,15:50,N,2,N31AT,CARLOS LUQUE,JWA/BCS,18,S49551,S15996,2,S49553,A77113,3090616A,25.65902300,-80.60163300,NOMINAL,4,1,N,140,6,30.04,451,7.8,1.9,8.29,1.2,132.2,1.50,1.60,1.50,1.53,2.40,2.50,2.30,2.40,0.90,0.90,0.80,0.87,3.0,3.0,4.0,4.0,9.0,0.0,10.0,10.0,10.0,1,0,ALL,1,100,Y,Y,Y,N,N,430,T,8,rush,N,N,N,20,Floc located under benthic periphyton mat.
042,09/05/2014,11,ENP,9:15,12:15,9:45,N,3,N31AT,CARLOS LUQUE,SED/HNJ,18,S49551,S15996,1,S49553,A77114,4090510A,25.49445902,-80.72860908,NOMINAL,1,3,Y,140,4,27.67,447,7.26,0.8,3.76,0.3,164.3,0.20,0.20,0.30,0.23,1.40,0.30,1.00,0.90,1.20,0.10,0.70,0.67,0.0,0.0,0.0,2.0,2.0,1.5,10.0,10.0,10.0,0,0,NONE,8,100,N,Y,Y,N,N,200,Q,2,sawgrass,N,N,N,5,"PB collected fom 2nd core. 2 photos of core 1. Double-checked ORP, cleaned sonde cage - still reading higher than usual."
092,09/13/2014,11,WCA3,8:20,10:00,8:40,N,3,N900HH,JORGE GOMES,SED/HNJ,18,S49551,S15996,3,S49553,A77114,4091309A,25.96684285,-80.65892751,NOMINAL,2,2,Y,140,6,25.89,277,7.02,0.6,2.18,1.2,102.6,1.90,1.80,2.10,1.93,6.40,5.70,5.90,6.00,4.50,3.90,3.80,4.07,0.5,2.0,3.5,0.0,2.0,0.0,10.0,9.5,9.5,1,0,ALL,1,60,N,Y,Y,N,N,50,T,2,sawgrass,N,N,N,22,PC = thin layer on stems + benthic. Floc in cores allowed to settle prior to measurement.
093,09/15/2014,11,WCA3,13:55,15:52,14:15,N,4,N900HH,JORGE GOMES,JLM/GW,18,S49549,S15995,2,S49552,A77112,2091514A,26.16950743,-80.77061361,NOMINAL,2,3,N,140,6,32.58,320,7.82,0.3,9.32,1.11,152.2,1.60,1.65,1.65,1.63,3.25,3.30,3.50,3.35,1.65,1.65,1.85,1.72,1.0,2.0,2.5,0.0,0.0,0.0,10.0,10.0,10.0,1,0,ALL,1,0,N,N,N,N,Y,0,Q,2,sawgrass,Y,N,Y,16,
094,09/11/2014,11,WCA3,16:00,17:25,16:15,N,3,N31AT,GARY FREEMAN,SED/HNJ,18,S49551,S15996,3,S49553,A77114,4091116A,25.98703632,-80.65958349,NOMINAL,4,3,N,140,6,29.15,294,7,6.4,2.43,0.6,65.6,1.20,1.10,1.10,1.13,6.40,5.50,5.70,5.87,5.20,4.40,4.60,4.73,3.0,6.0,6.0,0.0,0.0,0.0,9.5,10.0,10.0,0,1,ALL,1,0,N,N,N,N,Y,0,Q,2,sawgrass,N,N,N,16,Floc did not settle - collected all/estimated thickness. Lots of plant material in floc layer - removed. Photo of 2nd core before discarded - took new 2nd core.
095,09/13/2014,11,WCA3,10:30,12:05,10:40,N,2,N31AT,CARLOS LUQUE,JWA/BCS,12,S49549,S15995,2,S49552,A77112,2091311A,26.04752300,-80.47442100,NOMINAL,2,1,N,140,6,25.17,598,7.2,0.4,3.01,1.1,-16,1.40,1.60,1.30,1.43,3.50,3.90,3.60,3.67,2.10,2.30,2.30,2.23,0.5,0.5,0.5,0.0,0.0,0.0,10.0,10.0,10.0,1,0,ALL,1,0,N,N,N,N,N,0,Q,2,sawgrass,Y,N,N,18,
096,09/09/2014,11,WCA3,10:30,12:10,10:45,N,3,N900HH,JORGE GOMES,SED/HNJ,12,S49549,S15995,2,S49552,A77112,2090911A,25.89653131,-80.79869474,NOMINAL,3,2,N,140,6,28.06,252,6.87,3.7,2.21,0.7,28.9,1.90,1.90,1.70,1.83,6.20,6.20,6.70,6.37,4.30,4.30,5.00,4.53,4.5,6.0,3.0,0.0,0.0,0.0,9.5,10.0,9.5,2,0,ALL,1,50,Y,Y,Y,N,N,50,Q,2,sawgrass,N,N,N,16,Lost 3rd core after photo; took new 3rd core and photo. Floc allowed to settle after picture was taken to measure.
097,09/10/2014,11,WCA3,10:25,12:15,10:35,N,2,N31AT,CARLOS LUQUE,JWA/BCS,12,S49551,S15996,3,S49553,A77114,4091011A,25.93922900,-80.57709700,NOMINAL,2,1,N,140,6,27.64,425,7.13,0.5,1.01,1.7,-11.1,2.80,2.60,2.80,2.73,6.30,6.70,6.40,6.47,3.50,4.10,3.60,3.73,3.0,6.0,2.0,0.0,0.0,0.0,10.0,9.5,9.5,2,0,ALL,1,0,N,N,N,N,N,0,T,8,sawgrass,Y,N,N,15,Sample point located approximately 5 meters from an edge of open water with lilypads and floating periphyton.
098,09/16/2014,11,WCA3,8:30,10:30,8:45,N,6,N31AT,CARLOS LUQUE,JCR/MGR,18,S49551,S15996,2,S49553,A77114,4091609A,26.18165567,-80.65588249,NOMINAL,1,3,Y,140,6,27.03,361,6.94,0.1,3.75,0.7,142.7,1.40,1.70,1.50,1.53,3.70,3.20,3.70,3.53,2.30,1.50,2.20,2.00,2.0,2.5,0.5,0.0,0.0,0.0,10.0,10.0,9.5,1,0,ALL,1,0,N,N,N,N,Y,0,T,2,sawgrass,Y,N,N,6,20 min and only 6 fish. No PB
099,09/14/2014,11,WCA3,12:02,14:40,12:25,N,4,N900HH,JORGE GOMES,JLM/GW,18,S49549,S15995,2,S49552,A77112,2091413A,26.10750161,-80.70956884,NOMINAL,2,3,N,140,6,25.65,331,7.18,0.5,1.5,0.5,127.2,0.70,0.75,0.70,0.72,2.85,2.85,2.65,2.78,2.15,2.10,1.95,2.07,0.5,0.5,0.5,0.0,0.0,0.0,10.0,10.0,10.0,1,0,ALL,1,0,N,N,N,N,Y,0,Q,2,sawgrass,N,Y,Y,15,No light penetration through very thick sawgrass.  No periphyton oberved throughout entire sight.  Mosuitofish collection 45 minute joint effort.
100,09/09/2014,11,WCA3,12:15,13:50,12:25,N,2,N31AT,CARLOS LUQUE,JWA/BCS,18,S49551,S15996,3,S49553,A77114,4090912A,25.78690700,-80.63749200,NOMINAL,1,1,N,30,6,30.61,428,7.67,10.3,6.18,0.9,-104.9,1.40,1.40,1.20,1.33,5.60,5.40,5.50,5.50,4.20,4.00,4.30,4.17,11.0,11.0,11.0,0.0,0.0,0.0,10.5,10.5,10.5,2,0,ALL,1,50,N,Y,N,N,N,390,T,2,sawgrass,N,N,Y,21,
102,09/15/2014,11,WCA3,15:00,17:20,15:15,N,6,N31AT,CARLOS LUQUE,JCR/MGR,12,S49551,S15996,3,S49552,A77114,4091516A,26.21542829,-80.65088984,NOMINAL,1,3,N,140,6,30.44,414,7.35,1,5.85,1.1,7.4,1.80,1.80,1.70,1.77,2.50,2.70,2.40,2.53,0.70,0.90,0.70,0.77,2.0,0.3,0.3,0.0,0.0,0.0,10.0,10.5,10.5,1,0,ALL,1,0,N,N,N,N,Y,0,T,2,sawgrass,Y,N,N,10,Soil cores have fine roots.Trimble serial # not written down in front of logbook for 9/15/14.  On 3/6/15 trimble post processing file viewed to determine which trimble used for this station.   Determined that trimble A77114 used.  Coordinates verified.
103,09/15/2014,11,WCA3,12:45,14:55,13:00,N,6,N31AT,CARLOS LUQUE,JCR/MGR,12,S49551,S15996,3,S49552,A77114,4091513A,26.19589814,-80.57914509,NOMINAL,1,3,N,140,6,30.31,315,7.15,1.3,4.89,1.1,8.7,2.00,2.00,2.00,2.00,5.30,4.60,4.20,4.70,3.30,2.60,2.20,2.70,1.0,1.0,2.0,0.0,0.0,0.0,10.0,10.0,10.5,1,0,ALL,1,0,N,N,N,N,Y,0,T,2,sawgrass,Y,N,N,11,"Solid sawgrass. Orange VOC wrong filter used. Took orange VOC from another sample pack, filled correctly. No periphyton at site. Soil core have a lot of detritus and plant debris sticking above 10 cm mark on tube. JR. Trimble serial # not written down in front of logbook for 9/15/14.  On 3/6/15 trimble post processing file viewed to determine which trimble used for this station.   Determined that trimble A77114 used.  Coordinates verified."
104,09/09/2014,11,WCA3,8:40,10:15,8:50,N,3,N900HH,JORGE GOMES,SED/HNJ,12,S49549,S15995,2,S49552,A77112,2090909A,25.93312027,-80.71791112,NOMINAL,1,1,Y,140,6,27.45,286,6.8,0.3,1.61,1.9,-2.4,2.10,2.10,2.10,2.10,5.20,5.20,5.50,5.30,3.10,3.10,3.40,3.20,10.0,9.0,4.5,0.0,0.0,0.0,10.0,10.5,10.5,2,0,ALL,1,25,N,Y,N,N,N,500,Q,9,spike rush/water lily,N,N,Y,23,PC all epiphytic but no sweaters - collected entire plant with periphyton (brown biofilm). Floc allowed to settle after photos before measuring.
105,09/17/2014,11,WCA3,11:15,13:36,11:42,N,4,N900HH,JORGE GOMES,GW/ES,12,S49549,S15995,2,S49552,A77112,2091712A,26.31446679,-80.63893186,NOMINAL,1,3,N,140,6,28.81,165,7.08,0.2,2.25,0.39,23.7,0.70,0.75,0.75,0.73,2.30,2.50,2.40,2.40,1.60,1.75,1.65,1.67,1.5,2.0,5.0,0.0,0.0,0.0,10.5,10.0,10.0,1,0,ALL,1,25,Y,N,Y,N,N,50,Q,"1,5",sawgrass,Y,N,N,16,"PB present in quadrat (not collected), but no PB appeared in any of the cores. Only floc and sediment sampled in cores.Large concentration of willow trees adjacent to site."
106,09/14/2014,11,WCA3,8:53,11:45,9:20,N,4,N900HH,JORGE GOMES,JLM/GW,18,S49549,S15995,2,S49552,A77112,2091410A,26.09651394,-80.83117124,NOMINAL,1,3,Y,140,6,26.18,385,7.2,2,2.79,0.8,31.6,1.10,1.10,1.10,1.10,3.30,3.30,3.60,3.40,2.20,2.20,2.50,2.30,1.0,1.5,0.5,0.0,0.0,0.0,10.0,10.0,10.0,1,0,ALL,1,0,N,N,N,N,Y,0,Q,2,sawgrass,Y,Y,Y,9,Very thick and shallow site.  Sawgrass dominated all cover. Photos 605 and 606 are good.  Photos 604 and 603 are cores that were not sampled.  
107,09/13/2014,11,WCA3,12:20,14:10,12:30,Y,2,N31AT,CARLOS LUQUE,JWA/BCS,12,S49549,S15995,2,S49552,A77112,2091313A,26.06130700,-80.50122600,SHIFTED,2,1,N,140,6,27.54,476,7.14,0.8,1.45,2.2,-169.1,2.80,2.30,3.20,2.77,6.10,6.10,6.20,6.13,3.30,3.80,3.00,3.37,0.5,0.5,0.5,0.0,0.0,0.0,10.5,9.5,10.0,1,0,ALL,1,0,N,N,N,N,N,0,Q,2,sawgrass,Y,N,N,22,Soil core #3 contained 10cm of detritus on top of soil. Duplicate water samples taken at this site.
108,09/10/2014,11,WCA3,15:20,17:00,15:30,N,2,N31AT,CARLOS LUQUE,JWA/BCS,12,S49551,S15996,3,S49553,A77114,4091016A,25.87784900,-80.65079900,NOMINAL,1,1,N,140,6,29.24,286,7.54,1.3,7.09,1.3,21.7,2.50,2.60,2.50,2.53,6.90,6.80,6.90,6.87,4.40,4.20,4.40,4.33,4.0,4.0,9.0,0.0,0.0,0.0,10.0,10.0,10.0,2,0,ALL,1,30,Y,Y,N,N,N,80,T,9,graminoids,N,N,Y,25,Went outside the 20 meter radius to collect sawgrass.
109,09/15/2014,11,WCA3,11:26,13:40,11:50,N,4,N900HH,JORGE GOMES,JLM/GW,18,S49549,S15995,2,S49552,A77112,2091512A,26.19234851,-80.82433145,NOMINAL,2,3,N,140,6,27.76,269,7.12,0.7,3.75,0.33,132.7,0.50,0.50,0.50,0.50,2.65,2.70,2.10,2.48,2.15,2.20,1.60,1.98,2.5,2.5,1.5,0.0,0.0,0.0,10.0,10.0,10.0,1,0,ALL,"1,5",10,N,N,N,Y,N,58,Q,"5,7,8",spike rush,N,N,Y,19,Other vegetation type is spikerush.  Periphyton not in quadrat.  Sampled green algae from quadrat and surrounding area.  All algae sampled is filamentous.  PC is comprised of filamentous algae from quadrat and surrounding area.  Soil was peat over sandy peat.  
110,09/13/2014,11,WCA3,10:10,11:40,10:30,N,3,N900HH,JORGE GOMES,SED/HNJ,18,S49551,S15996,3,S49553,A77114,4091310A,25.99683090,-80.61228913,NOMINAL,3,1,N,140,6,26.38,358,7.1,0.1,1.9,1.9,-55.8,2.50,2.60,2.50,2.53,7.00,6.90,6.90,6.93,4.50,4.30,4.40,4.40,9.5,5.0,2.0,0.5,0.5,0.5,10.5,10.5,10.0,0,1,ALL,1,50,Y,Y,Y,N,N,50,T,9,water lily/bladderwort,N,N,N,25,Lots of plant roots throughout cores. Floc allowed to settle before measurements. Thin layer of PB in all 3 cores - scraped off and consolidated into one PB cup.
111,09/13/2014,11,WCA3,8:25,10:20,8:35,N,2,N31AT,CARLOS LUQUE,JWA/BCS,12,S49549,S15995,2,S49552,A77112,2091309A,26.01594900,-80.45074700,NOMINAL,3,1,Y,140,6,25.47,474,7.29,0,3.61,1.5,14.8,2.00,2.00,2.00,2.00,3.30,3.70,3.90,3.63,1.30,1.70,1.90,1.63,2.0,1.0,1.0,0.0,0.0,0.0,10.5,10.0,10.0,1,0,ALL,1,60,N,Y,N,N,N,150,T,2,sawgrass,N,N,Y,16,Photos of soil cores taken before floc measurement.
112,09/09/2014,11,WCA3,12:25,14:00,12:40,N,3,N900HH,JORGE GOMES,SED/HNJ,12,S49549,S15995,2,S49552,A77112,2090913A,25.86161922,-80.80893348,NOMINAL,2,1,N,140,6,28.93,261,6.8,0.4,3.47,1.7,1.6,2.10,2.00,2.20,2.10,3.80,3.70,3.40,3.63,1.70,1.70,1.20,1.53,6.0,7.5,6.0,0.0,0.0,0.0,10.0,10.0,10.5,1,1,ALL,1,20,Y,Y,N,N,N,50,Q,9,water lily,N,N,N,21,"All periphyton epiphytic but no established ""sweaters"" - attached to fine-leaved submerged aquatic vegetation. After picture was taken, the floc was allowed to settle before measurement."
113,09/10/2014,11,WCA3,10:25,12:15,10:40,N,1,N900HH,JORGE GOMES,CDD/MCF,18,S49549,S15995,2,S49529,A77112,2091011A,25.95772845,-80.49135789,NOMINAL,1,1,N,140,6,27.93,571,7.44,1.0,2.7,0.5,131,1.30,1.30,1.30,1.30,4.30,4.30,4.30,4.30,3.00,3.00,3.00,3.00,3.0,5.0,2.5,1.0,4.5,2.0,10.0,10.5,10.0,1,0,ALL,8,90,N,Y,Y,N,N,250,T,9,sawgrass,N,N,Y,29,Peat layer at about 10cm down at bottom of core.  Soil core 1 had a large periphyton sweater and a small cookie.  Only harvested cookie.
114,09/16/2014,11,WCA3,14:38,15:54,14:48,N,5,N900HH,JORGE GOMES,DML/TDS,12,S49549,S15995,3,S49552,A77112,2091615A,26.26515129,-80.70102664,NOMINAL,1,1,N,40,6,30.05,376,7.05,1.8,2.01,0.4,-11.8,1.30,1.30,1.30,1.30,2.60,2.60,2.50,2.57,1.30,1.30,1.20,1.27,1.5,2.5,6.5,0.0,0.0,0.0,10.0,10.0,10.0,1,0,PART,1,0,N,N,N,N,Y,0,T,2,sawgrass,Y,N,Y,15,"All floc measurements after dewatering inside core tube, removed all periphyton before soil core placed in tub"
115,09/14/2014,11,WCA3,13:30,15:20,13:45,N,5,N31AT,CARLOS LUQUE,DML/TDS,12,S49551,S15996,3,S49553,A77112,4091414A,26.18386189,-80.48882088,NOMINAL,1,1,N,140,6,28.24,680,7.28,0.4,2.77,2.1,-87.8,2.40,2.50,2.70,2.53,6.00,5.10,4.80,5.30,3.60,2.60,2.10,2.77,4.0,2.0,2.0,0.0,0.0,0.0,10.0,10.0,10.0,3,0,ALL,1,0,N,N,N,N,Y,0,T,2,sawgrass,Y,N,Y,25,"Dense floc of 2cm directly above soil core, less dense ""see through"" floc in rest of column"
116,09/09/2014,11,WCA3,14:15,15:45,14:25,N,3,N900HH,JORGE GOMES,SED/HNJ,12,S49549,S15995,2,S49552,A77112,2090915A,25.78670283,-80.7416972,NOMINAL,2,1,N,140,6,30.92,322,7.26,12.6,6.6,1.7,31.3,2,2.1,1.9,2.00,4.2,4.1,4.6,4.3,2.2,2.0,2.7,2.30,15,6,9,0,0,0,10,10,10,0,1,ALL,1,5,N,N,N,N,Y ,0,Q,9,spike rush/water lily,N,Y,Y,20,"~10-20 m from airboat trail - chopper kept moving. PC possibly diatomaceous biofilm (epiphytic) but not sweaters (""macrobiofilm"") + could not collect - looked more like floc. Veg collected ~15 m from soil core location in edge of sawgrass marsh bordering slough. After picture, floc allowed to settle before measurement. Do not use the first 3 aerial photos (0790, 0791, 0792); took picture too soon and it was of the wrong area. "
118,09/15/2014,11,WCA3,9:04,11:05,9:25,N,4,N900HH,JORGE GOMES,JLM/GW,18,S49549,S15995,2,S49552,A77112,2110112B,26.01022829,-80.80317269,NOMINAL,2,3,Y,140,6,27.88,283,7.32,0.2,3.69,0.99,124.7,1.50,1.70,1.55,1.58,3.40,3.35,3.35,3.37,1.90,1.65,1.80,1.78,0.0,0.0,0.0,1.0,1.0,1.0,10.0,10.0,10.0,0,0,NONE,1,10,N,Y,Y,N,N,37,T,9,sawgrass,N,N,N,20,"Disregard photo 655.  Core not collected, resampled.  PF is present at station, but not within randomized quadrat.  Collected PF at station to fill PC sample.  10% cover in sampling trash can,   60 to 80% coverage at site.  100% cover including benthic periphyton."
119,09/14/2014,11,WCA3,11:27,13:20,11:45,N,5,N31AT,CARLOS LUQUE,DML/TDS,12,S49551,S15996,3,S49553,A77112,4091412A,26.13135022,-80.53526483,NOMINAL,2,1,N,140,6,27.42,358,7.09,1.5,2.08,2.2,-67.3,2.60,3.30,3.30,3.07,6.50,6.50,7.70,6.90,3.90,3.20,4.40,3.83,1.0,2.5,2.5,0.0,0.0,0.0,10.0,10.0,10.0,1,0,ALL,1,0,N,N,N,N,Y,0,T,4,cattail,Y,N,Y,15,Pictures 0753-0755 periphyton quadrat.  No PB present
155,09/18/2014,11,WCA2,15:05,17:10,15:30,N,6,N31AT,CARLOS LUQUE,JCR/MGR,12,S49549,S15995,2,S49552,A77112,2091815A,26.23979295,-80.45406154,NOMINAL,2,3,N,140,6,31.63,780,7.53,0,5.31,2.73,48.4,3.30,3.70,3.30,3.43,7.00,7.50,7.20,7.23,3.70,3.80,3.90,3.80,3.0,2.0,1.0,0.0,1.0,0.0,10.5,10.5,10.0,1,0,ALL,1,30,Y,Y,N,Y,Y,300,T,9,sawgrass,Y,N,N,20,Soil cores full of roots. PB collected from 2nd core
156,09/18/2014,11,WCA2,14:35,16:35,15:10,N,4,N900HH,JORGE GOMES,GW/JLM,18,S49551,S15996,3,S49553,A77114,4091815A,26.40018303,-80.46486816,NOMINAL,3,3,N,140,6,31.22,773,7.45,0.3,5.72,1.46,131.7,2.10,2.20,2.30,2.20,9.25,9.20,9.25,9.23,7.15,7.00,6.95,7.03,2.0,3.0,2.5,0.0,0.0,0.0,10.0,10.5,10.5,1,0,ALL,1,30,N,Y,N,N,N,172,Q,2,sawgrass,N,N,N,17,Bottom water duplicate sample was labeled 156B.
157,09/17/2014,11,WCA2,10:50,12:19,11:03,N,5,N31AT,CARLOS LUQUE,DML/TDS,18,S49551,S15996,3,S49553,A77114,4091711A,26.24181649,-80.34884768,NOMINAL,1,1,N,140,6,29.14,493,7.19,0.5,3.53,2.1,NOTE,3.00,2.90,3.00,2.97,6.80,6.80,7.10,6.90,3.80,3.90,4.10,3.93,1.5,2.5,4.0,0.0,0.0,0.0,10.0,10.0,10.0,1,0,PART,1,0,N,N,N,N,Y,0,T,2,sawgrass,Y,N,Y,20,"ORP would not stabilize after 5 mins, from -25.7 to 4.0. All floc measurements after dewatering inside core tube, removed all periphyton before soil core placed in tub. Edge of slough and sawgrass. Sampled in sawgrass where point appeared to be."
158,09/17/2014,11,WCA2,15:55,16:57,16:15,N,4,N900HH,JORGE GOMES,GW/ES,12,S49549,S15995,2,S49552,A77112,4091808A,26.30325034,-80.48594915,NOMINAL,5,3,N,140,6,30.15,669,7.51,0.1,5.2,2.32,-4.5,2.95,3.05,3.15,3.05,6.70,6.75,7.40,6.95,3.75,3.70,4.25,3.90,1.0,2.0,1.0,0.0,0.0,0.0,10.0,9.5,9.5,1,0,ALL,1,60,Y,Y,N,N,N,178,T,2,sawgrass,N,N,N,22,"Completed water sampling at 16:55 on 9/17/2014. needed to refuel, so returning tomorrow (9/18/14) to complete remaining sampling. All other media sampled by GW/JLM on 9/18/2014.  Second soil core had a lot of vegetation in it, which was removed before placed in sample container. Soil cores sampled at 9:45.  Cameras S49551 and S15996 were used on 9/18/2014.  "
159,09/17/2014,11,WCA2,8:35,10:40,9:05,N,5,N31AT,CARLOS LUQUE,DML/TDS,18,S49551,S15996,3,S49553,A77114,4091709A,26.24639418,-80.40636689,NOMINAL,1,1,Y,140,6,28.68,705,7.46,0.3,3.95,3.5,-145.5,3.60,3.90,4.00,3.83,7.30,9.50,9.90,8.90,3.70,5.60,5.90,5.07,3.5,4.0,4.0,0.0,0.0,0.0,10.0,10.0,10.0,1,0,PART,"8,9",100,Y,Y,N,N,N,600,T,1,spike rush,Y,Y,Y,0,"All floc measurements after dewatering inside core tube, removed all periphyton before soil core placed in tub. Floating site, rotated on landing about 1 m on anchor line. Depth made periphyton collection difficult. Picture of quadrat was clouded by stirred up material."
160,09/18/2014,11,WCA2,10:15,12:35,10:30,Y,4,N900HH,JORGE GOMES,GW/JLM,18,S49551,S15996,3,S49553,A77114,4091811A,26.42739059,-80.41828975,NOMINAL,2,3,Y,140,6,27.32,709,7.16,0.1,2.01,1.06,97.6,1.95,1.70,1.65,1.77,10.30,10.25,10.55,10.37,8.35,8.55,8.90,8.60,NA,NA,NA,NA,NA,NA,NA,NA,NA,0,0,ALL,6,0,N,N,N,N,N,0,Q,2,sawgrass,Y,N,N,20,"Soil cores were attempted aprroximately 20 times. Each time, only rhizomous/root material was obtained. No actual soil above 10 cm. 20 cm soil coring was attempted but still only root like material. Soil cores werent collected as such. Benthic periphyton was never observed. Correction to periphyton in logbook: Periphyton was collected from proximity of periquadrat which included sweater and floating periphyton. PC sample comprised of sweaters and  floating periphyton . 120 ml collected. Periquadrat did not contain periphyton, only very dense sawgrass. Approximately 10-15% cover in areas surrounding the periquadrat, within station. While searching for soil cores, no floc was observed in any of the core attempts."
161,09/17/2014,11,WCA2,14:35,16:11,14:50,N,5,N31AT,CARLOS LUQUE,DML/TDS,18,S49551,S15996,3,S49553,A77114,4091715A,26.16761822,-80.33025364,SHIFTED,"2,6",1,N,140,6,30.06,398,7.78,0.4,6.14,3.1,-156.3,3.60,3.60,3.60,3.60,4.50,5.30,5.20,5.00,0.90,1.70,1.60,1.40,2.0,3.5,3.5,0.0,0.0,0.0,10.0,10.0,10.0,1,0,PART,1,15,Y,Y,N,N,N,80,T,9,spike rush,Y,Y,Y,15,"Floc apppears to compress during dewatering.Landed less than 3 meters from site, drifted to about 7 meters. High winds moved helicopter after landing, pulled anchor, remained in same habitat. "
176,09/20/2014,11,LNWR,8:30,10:03,8:45,N,5,N900HH,JORGE GOMES,DML/TDS,18,S49551,S15996,2,S49553,A77114,4092009A,26.57482882,-80.37129431,NOMINAL,2,1,Y,70,0.36,27.21,104,6.02,2.1,2.52,0.7,160.5,0.90,1.00,1.00,0.97,12.70,13.20,13.20,13.03,11.80,12.20,12.20,12.07,2.5,3.0,6.5,0.0,0.0,0.0,10.0,10.0,9.5,1,0,PART,1,0,N,N,N,N,Y,0,T,1,Tracy’s beakrush,N,Y,Y,15,"floc measured after dewatering, inside of core tube. See logbook for dominant vegetation type notes, unable to ID.  Upon inspection of photos Project leads Kalla and Scheidt determined vegitation type is a ""1"" wet prairie.  Also, Dominant Macro identified by Jennifer Richards of FIU."
177,09/19/2014,11,LNWR,13:25,15:02,13:45,N,6,N31AT,CARLOS LUQUE,JCR/MGR,12,S49549,S15995,3,S49552,A77112,2091914A,26.38256840,-80.26386447,NOMINAL,5,3,N,130,6,28.81,48,5.84,1.7,4.66,1.3,99.0,1.80,2.20,2.00,2.00,9.60,9.60,9.50,9.57,7.80,7.40,7.50,7.57,3.0,11.0,8.0,0.0,0.0,0.0,10.0,10.0,9.5,2,0,ALL,1,0,N,N,N,N,Y,0,T,2,sawgrass,Y,N,Y,11,"Soil light brown, lots of roots in soil. Cores have a lot of floc. Coordinates for LAT., only recorded 7 digits, noticed it should be 8. 26.3825684?. Site had alligator fleas!"
178,09/19/2014,11,LNWR,11:00,12:40,11:15,N,6,N31AT,CARLOS LUQUE,JCR/MGR,12,S49549,S15995,3,S49552,A77112,2091911A,26.45250522,-80.27937107,NOMINAL,2,3,N,140,6,28.91,75,6.3,2,4.28,2,-70.8,2.10,2.50,2.40,2.33,9.50,9.20,9.30,9.33,7.40,6.70,6.90,7.00,13.0,11.0,5.0,0.0,0.0,0.0,10.0,10.0,10.0,3,0,ALL,1,0,N,N,N,N,Y,0,T,9,spike rush/lilly pad,N,Y,Y,12,Lots of roots in soil core along with a lot of floc. Lot of bladderwort/ No peri(PC) present.  
179,09/19/2014,11,LNWR,12:30,13:55,12:45,Y,5,N900HH,JORGE GOMES,DML/TDS,18,S49551,S15996,2,S49553,A77112,4091913B,26.52231013,-80.43922788,NOMINAL,"3,5,6",1,N,140,6,25.35,607,6.82,4.9,0.7,1.5,-124.4,2.30,2.80,2.60,2.57,11.20,11.00,11.10,11.10,8.90,8.20,8.50,8.53,3.5,4.0,4.0,0.0,0.0,0.0,10.0,10.0,10.0,1,0,PART,1,0,N,N,N,N,Y,0,T,4,cattail,Y,N,N,21,"floc measured after dewatering, inside of core tube. "
180,09/20/2014,11,LNWR,10:10,11:31,10:25,N,5,N900HH,JORGE GOMES,DML/TDS,18,S49551,S15996,2,S49553,A77114,4092010A,26.56110262,-80.36559380,NOMINAL,2,1,N,90,6,27.77,102,6.01,3.3,3.76,0.9,166.9,1.10,1.50,1.60,1.40,13.00,12.70,12.60,12.77,11.90,11.20,11.00,11.37,3.0,0.5,1.0,0.0,0.0,0.0,10.0,10.0,10.0,1,0,ALL,1,0,N,N,N,N,Y,0,T,9,Tracy’s beakrush,N,N,Y,20,"floc measured after dewatering, inside of core tube. See logbook for dominant vegetation type notes, unable to ID.  Dominant macrophyte identified by Jennifer Richards of FIU from photographs."
181,09/20/2014,11,LNWR,8:25,11:20,8:50,N,4,N31AT,CARLOS LUQUE,JLM/AM,12,S49549,S15995,3,S49552,A77112,2092009A,26.37856389,-80.31862711,NOMINAL,3,3,Y,140,6,27.17,102,6.27,1.1,0.86,2.5,-121.9,4.30,2.35,2.55,3.07,13.65,13.80,13.80,13.75,9.35,11.45,11.25,10.68,4.0,4.5,2.0,0.0,0.0,0.0,10.0,10.0,9.5,1,0,ALL,1,0,N,N,N,N,N,0,Q,"2,4",sawgrass,Y,Y,Y,27,Core 1 consisted mostly of vegetation material.
182,09/19/2014,11,LNWR,14:03,15:26,14:15,N,5,N900HH,JORGE GOMES,DML/TDS,18,S49551,S15996,2,S49553,A77112,4091914A,26.50914872,-80.42779706,NOMINAL,3,1,N,55,6,26.97,91,6.09,1.7,2.3,1.1,150.0,1.80,2.30,2.20,2.10,9.80,9.70,9.80,9.77,8.00,7.40,7.60,7.67,37.0,9.0,10.0,0.0,0.0,0.0,10.0,10.0,10.0,1,1,PART,1,0,N,N,N,N,Y,0,T,2,sawgrass,N,N,Y,23,Floc was well mixed in column for 1st core. Did not have time to let fully settle. By 2nd and 3rd core floc had settled within water column. All floc measurements made after dewatering and inside core tube.
201,09/04/2014,11,ENP,12:50,14:40,13:00,N,2,N31AT,GARY FREEMAN,JWA/BCS,18,S49551,S15996,3,S49553,A77112,4090413A,25.30077800,-80.77768900,NOMINAL,1,3,N,140,5,29.02,477,7.46,0.3,6.12,0.4,129,0.30,0.30,0.30,0.30,0.35,0.35,0.40,0.37,0.05,0.05,0.10,0.07,0.0,0.0,0.0,3.0,3.0,2.5,3.0,3.0,3.0,0,0,NONE,3,100,N,Y,Y,N,N,120,Q,2,sawgrass,N,N,Y,16,No photo of soil core #2
202,09/06/2014,11,ENP,15:25,17:15,15:45,N,3,N900HH,JORGE GOMES,SED/HNJ,12,S49549,S15995,3,S49552,A77114,4090616A,25.57291513,-80.91107265,NOMINAL,4,1,N,140,2,30.14,336,7.84,0.0,10.64,0.1,18.3,0.40,0.40,0.30,0.37,1.20,1.10,0.90,1.07,0.80,0.70,0.60,0.70,0.0,0.0,0.0,2.0,2.5,2.0,9.5,9.5,10.0,0,0,NONE,3,85,N,N,Y,N,N,0,Q,2,sawgrass,N,N,N,7,PB  is a uniform layer across benthic zone except where sawgrass stems come up.
203,09/08/2014,11,ENP,15:25,17:10,15:35,N,3,N31AT,CARLOS LUQUE,SED/HNJ,12,S49549,S15995,2,S49552,A77112,2090816A,25.68356772,-80.54192572,NOMINAL,3,1,N,140,6,33.92,457,8.03,0.2,8.97,0.9,16.1,1.20,1.00,1.10,1.10,1.90,1.30,2.00,1.73,0.70,0.30,0.90,0.63,1.5,1.5,2.0,2.0,2.0,1.5,10.0,10.0,10.5,1,0,ALL,9,90,N,Y,Y,N,N,270,Q,2,sawgrass,N,N,Y,23,
204,09/04/2014,11,ENP,13:15,16:10,13:30,N,1,5013G,CARLOS LUQUE,CDD/MCF,12,S49549,S15995,2,S49529,A77112,3090414A,25.32435094,-80.59596863,NOMINAL,3,1,Y,140,3,30.86,341,7.78,0.4,8.21,0.2,3.3,0.30,0.30,0.30,0.30,1.30,0.40,0.60,0.77,1.00,0.10,0.30,0.47,0.0,0.0,0.0,4.0,2.0,4.0,10.0,8.0,10.0,0,0,NONE,9,100,N,Y,Y,N,N,900,Q,1,sawgrass,N,N,N,17,Landed 4 m from point.  Shallow water.  Soil was hard to find 10cm depth.  Mix of peat and marl.  3rd core was very marly.
205,09/06/2014,11,ENP,11:15,13:10,11:25,N,3,N900HH,JORGE GOMES,SED/HNJ,12,S49549,S15995,3,S49552,A77114,4090612A,25.53048942,-80.91312031,NOMINAL,3,1,N,140,4,30.24,308,7.64,0.2,7.16,0.3,7.9,0.80,0.90,0.80,0.83,3.10,3.20,3.00,3.10,2.30,2.30,2.20,2.27,7.5,4.0,4.0,1.0,0.5,1.0,10.5,10.5,9.5,0,1,ALL,3,100,N,Y,Y,N,N,500,T,2,sawgrass,N,N,N,15,"PB on top of crumbly sediment layer (marl) - called it floc. All 3 cores had PB on top of this ""floc"" layer of unconsolidated soil."
206,09/09/2014,11,ENP,16:00,17:30,16:15,N,3,N900HH,JORGE GOMES,SED/HNJ,12,S49549,S15995,2,S49552,A77112,2090916A,25.75459373,-80.74090928,NOMINAL,2,1,N,140,6,31.07,561,7.26,1.0,7.62,0.6,33.2,1.10,1.10,1.20,1.13,2.00,2.20,2.00,2.07,0.90,1.10,0.80,0.93,3.0,0.0,0.0,0.0,1.5,1.0,10.0,10.5,10.5,1,0,ALL,1,0,N,N,N,N,Y ,0,Q,2,sawgrass,N,N,Y,19,"""Floc"" in 3rd core all plant material - removed from core upon extrusion."
207,09/09/2014,11,ENP,8:21,10:00,8:30,N,2,N31AT,CARLOS LUQUE,JWA/BCS,18,S49551,S15996,3,S49553,A77112,4090909A,25.69967600,-80.61310100,NOMINAL,1,1,Y,140,6,27.04,598,7.21,2,1.23,0.50,5.5,0.70,0.80,0.90,0.80,3.70,3.80,3.30,3.60,3.00,3.00,2.40,2.80,6.0,6.0,6.0,0.0,0.0,0.0,10.5,10.0,9.5,1,0,ALL,7,80,N,Y,N,N,N,80,T,2,sawgrass,Y,Y,Y,1,Spent 0.6 man hours searching for fish.
208,09/06/2014,11,ENP,10:50,12:35,11:00,N,2,N31AT,CARLOS LUQUE,JWA/BCS,18,S49551,S15996,2,S49553,A77113,3090611A,25.51990600,-80.57922600,NOMINAL,2,1,N,140,3,27.55,460,7.44,2.1,4.43,0.2,169.1,0.50,0.45,0.50,0.48,0.50,1.70,0.80,1.00,0.00,1.25,0.30,0.52,0.0,0.0,0.0,1.0,3.0,4.0,6.0,10.0,10.0,0,0,NONE,1,80,N,Y,N,N,N,350,T,2,sawgrass,N,Y,Y,15,Soil collected to bedrock.  Skipped panorama photo 270o
209,09/07/2014,11,ENP,8:32,10:53,8:50,N,1,N900HH,JORGE GOMES,CDD/MCF,18,S49551,SI5996,3,S49529,A77112,4090709A,25.58523037,-80.98594203,NOMINAL,2,1,Y,140,6,28.71,301,7.13,0.3,1.87,0.73,41.9,1.70,1.80,1.80,1.77,4.30,3.40,4.30,4.00,2.60,1.60,2.50,2.23,8.0,8.0,8.0,1.0,0.0,2.0,10.0,10.0,10.0,2,0,ALL,7,20,N,Y,N,N,N,85,T,2,sawgrass,N,Y,Y,20,Short sediment core tube stuck to coring head.  Had to use long tube with rubber stopper for 1/3 cores.
211,09/06/2014,11,ENP,14:20,15:00,14:30,N,2,N31AT,CARLOS LUQUE,JWA/BCS,18,S49551,S15996,2,S49553,A77113,3090614A,25.60381500,-80.55601000,NOMINAL,4,3,N,NONE,,,,,,,,,0.00,0.00,0.00,0.00,0.80,0.75,0.40,0.65,0.80,0.75,0.40,0.65,0.0,0.0,0.0,2.0,1.0,0.5,10.0,10.0,10.0,0,0,NONE,1,90,N,N,Y,N,N,0,Q,2,sawgrass,N,N,N,0,Dry station. Periphyton mat on surface of soil. Collected as PB from soil core.
213,09/07/2014,11,ENP,10:45,13:05,11:05,N,2,N31AT,CARLOS LUQUE,JWA/BCS,12,S49549,S15995,2,S49552,A77112,3090712A,25.56226700,-80.78033400,NOMINAL,3,1,N,140,6,28.52,387,7.15,1.7,3.02,0.8,-8.1,1.10,1.10,1.20,1.13,3.00,3.70,4.40,3.70,1.90,2.60,3.20,2.57,5.0,5.0,9.0,0.0,0.0,0.0,10.0,10.0,10.0,1,0,ALL,1,20,N,N,N,Y,N,40,Q,2,sawgrass,Y,Y,Y,4,"Spent more than 30 minutes collecting fish. Caught several species other than mosquito fish. Caught sailfin molly, golden topminnow, and grass shrimp."
214,09/08/2014,11,ENP,15:50,18:01,16:00,N,1,N900HH,JORGE GOMES,CDD/MCF,18,S49551,SI5996,3,S15364,A77112,4090816A,25.66508622,-80.69155470,NOMINAL,2,1,N,140,6,33.06,655,7.91,0.3,10.24,1.2,-44.3,2.20,2.20,2.30,2.23,4.20,4.20,4.40,4.27,2.00,2.00,2.10,2.03,13.0,15.0,15.0,0.0,0.0,0.0,10.0,10.0,10.0,2,1,ALL,1,100,Y,Y,N,N,N,400,T,1,eleocharis,N,Y,Y,15,Landed 2 meters from point.  Used quadrat for percent coverage and trash can for collection.
215,09/05/2014,11,ENP,14:15,15:05,,N,1,N900HH,JORGE GOMES,CDD/MCF,12,S49549,S15995,2,S49529,A77112,3090514A,25.42528840,-80.65259100,NOMINAL,1,3,N,,,,,,,,,,0.00,0.00,0.00,0.00,0.40,0.80,0.60,0.60,0.40,0.80,0.60,0.60,0.0,0.0,0.0,0.0,0.0,0.0,5.0,7.0,10.0,0,0,NONE,1,,,,,,,,,2,,N,N,N,0,Landed within 1 meter of point.  No water present.  Soil samples and GPS only.  
216,09/04/2014,11,ENP,10:22,12:25,10:30,N,2,N31AT,GARY FREEMAN,JWA/BCS,18,S49551,S15996,3,S49553,A77112,4090411A,25.30397200,-80.69365400,SHIFTED,2,3,Y,140,2.5,27.2,426,7.21,4,1.71,0.2,78.6,0.10,0.00,0.10,0.07,0.90,0.75,1.00,0.88,0.80,0.75,0.90,0.82,0.0,0.0,0.0,3.5,3.0,3.0,10.0,10.0,10.0,0,0,NONE,3,90,N,N,Y,N,N,0,Q,2,sawgrass,N,Y,N,0,Water too shallow for sonde. Created hole to submerge probes.  No periphyton biovolume.  Mat only.  
217,09/07/2014,11,ENP,16:10,17:40,16:25,N,1,N900HH,JORGE GOMES,CDD/MCF,18,S49551,SI5996,3,S49529,A77112,4090716A,25.61149914,-80.79695773,NOMINAL,4,1,N,140,6,30.3,396,8.25,0.4,9.13,0.4,157.5,0.70,0.80,0.80,0.77,1.60,1.40,2.00,1.67,0.90,0.60,1.20,0.90,1.0,1.0,1.0,7.0,5.0,3.0,10.0,10.0,10.0,1,0,PART,8,80,N,Y,Y,N,N,1100,Q,2,sawgrass,N,N,N,6,Landed one meter from point.  Picture #246 & 247 are of soil core 1.  Polarizer removed because of lens fogging.  Lots of rain around us.
218,09/09/2014,11,ENP,16:20,18:00,16:30,N,2,N31AT,CARLOS LUQUE,JWA/BCS,18,S49551,S15996,3,S49553,A77112,4090916A,25.73870200,-80.53557800,NOMINAL,1,1,N,140,6,33.47,492,8.05,0.7,9.37,0.9,90.8,1.30,1.30,1.30,1.30,3.70,3.40,3.10,3.40,2.40,2.10,1.80,2.10,1.0,1.0,0.5,0.0,0.0,1.0,10.0,9.5,10.0,1,0,ALL,1,90,N,Y,Y,N,N,400,T,2,sawgrass,N,N,N,13,Estimated percent coverage based on PE sweaters. Could not see the bottom to include PB soil mat in estimate.
219,09/06/2014,11,ENP,13:30,15:15,13:45,N,3,N900HH,JORGE GOMES,SED/HNJ,12,S49549,S15995,3,S49552,A77114,4090614A,25.53539324,-80.87445391,NOMINAL,3,1,N,140,6,31.56,359,7.85,0.2,9.47,0.7,16.7,1.30,1.20,1.30,1.27,3.10,2.10,2.70,2.63,1.80,0.90,1.40,1.37,3.5,2.5,2.5,0.5,0.5,0.5,9.5,9.5,9.5,1,0,ALL,9,50,N,Y,Y,N,N,800,Q,2,sawgrass,N,N,Y,11,Core 1 = marl; cores 2+3 = peat w/marl.
220,09/08/2014,11,ENP,13:40,15:40,14:00,N,1,N900HH,JORGE GOMES,CDD/MCF,18,S49551,SI5996,3,S15364,A77112,4090814A,25.64994787,-80.76300068,NOMINAL,1,1,N,140,6,29.63,449,7.23,1.6,5.94,1,103.7,1.40,1.50,1.40,1.43,2.50,2.50,2.50,2.50,1.10,1.00,1.10,1.07,1.0,4.0,3.0,1.0,2.0,2.0,10.0,10.0,10.0,2,0,ALL,1,90,N,Y,Y,N,N,450,T,1,spike rush,N,Y,Y,17,"Landed 1 meter from point.  Cookie peels back from surface in cores and may appear thicker in the picture.  Estimated periphyton cover with quadrat.  Sampled with trash can.  Took picture of trash can during sampling.  Pic 311 is of storyboard for next site.  Picture of 3rd core (pic #299) does not show a cookie.  However, there was a 2cm cookie that floated up into metal core head.  It would not sink, so I couldn't photo it."
221,09/05/2014,11,ENP,12:00,14:05,12:20,N,1,N900HH,JORGE GOMES,CDD/MCF,12,S49549,S15995,2,S49529,A77112,3090513A,25.35167234,-80.65898286,NOMINAL,1,2,N,140,2,32.93,335,7.78,0.1,6.97,0.3,15,0.20,0.30,0.40,0.30,0.90,0.40,0.80,0.70,0.70,0.10,0.40,0.40,0.0,0.0,0.0,3.5,3.0,4.0,10.0,8.0,7.0,0,0,NONE,9,100,N,Y,Y,N,N,2000,Q,2,sawgrass,N,N,N,18,"Station is very dry.  Little water.  Some isolated pools.  Landed on point.  Nominal within 2 meters.  Had to collect water samples, soil and periphyton in isolated pools spread around helicopter.  All sampled pools were within 5 meters."
244,09/11/2014,11,WCA3,8:20,10:00,8:40,N,3,N31AT,GARY FREEMAN,SED/HNJ,18,S49551,S15996,3,S49553,A77112,4091109A,25.78951968,-80.83144726,NOMINAL,2,1,Y,140,6,28.18,291,7.22,0.6,2.55,1.4,43.5,1.80,1.90,1.80,1.83,3.20,2.60,3.00,2.93,1.40,0.70,1.20,1.10,8.5,9.5,9.0,0.0,0.0,0.0,10.0,10.0,9.5,3,0,PART,1,20,Y,Y,N,N,N,170,T,9,spike rush,N,N,N,20,No outer bag for air dep blank. Took extra DOC vial because knocked vial over prior to collection - may have spilled preservative. Spilled small amount of floc - collected >95%.
245,09/13/2014,11,WCA3,15:30,17:20,15:50,N,3,N900HH,JORGE GOMES,SED/HNJ,18,S49551,S15996,3,S49553,A77112,4091316A,26.03302164,-80.76958417,NOMINAL,3,1,N,140,6,28.44,343,7.25,0.5,4.84,0.5,95.6,1.20,1.30,1.10,1.20,6.50,6.10,6.10,6.23,5.30,4.80,5.00,5.03,4.0,1.0,3.0,0.0,0.0,0.0,10.0,10.0,10.5,2,0,ALL,1,15,N,Y,N,N,N,100,T,2,sawgrass,N,N,N,15,Floc allowed to settle - relatively thin layer. Plant material on top of soil collected w/cores. PC mostly attached to decomposing leaves + stems.
246,09/11/2014,11,WCA3,16:00,17:40,16:15,N,1,N900HH,JORGE GOMES,CDD/MCF,12,S49549,S15995,2,S49529,A77112,2091116A,25.96522161,-80.65328852,NOMINAL,3,1,N,140,6,28.88,312,7.02,4.1,2.62,0.7,-15.5,2.00,2.00,2.20,2.07,5.20,5.20,5.30,5.23,3.20,3.20,3.10,3.17,4.5,4.0,4.0,0.0,0.5,0.5,10.0,10.0,10.0,1,0,PART,1,0,N,N,N,N,Y ,0,T,2,sawgrass,N,N,N,15,Very weak cookies in cores.  But no other periphyton found at site.  Willows at site.
247,09/16/2014,11,WCA3,13:10,14:29,13:20,N,5,N900HH,JORGE GOMES,DML/TDS,12,S49549,S15995,3,S49552,A77112,2091613A,26.30128060,-80.70401525,NOMINAL,1,1,N,140,6,33.47,324,7.4,1.9,6.9,0.6,15,1.00,1.00,1.00,1.00,2.20,2.40,2.40,2.33,1.20,1.40,1.40,1.33,0.5,0.0,0.5,0.2,0.3,0.0,10.0,10.0,10.0,1,0,PART,1,70,N,N,Y,N,N,0,T,2,sawgrass,Y,Y,Y,25,Less than 1 cm on the floc collection. PB collected from second core.
248,09/11/2014,11,WCA3,11:45,13:50,12:15,N,1,N900HH,JORGE GOMES,CDD/MCF,12,S49549,S15995,2,S49529,A77112,2091112A,25.84723191,-80.49064551,NOMINAL,3,1,N,140,6,29.7,378,7.57,0.7,6.43,0.8,14,1.70,1.80,1.80,1.77,5.00,5.20,5.00,5.07,3.30,3.40,3.20,3.30,3.0,6.0,2.0,1.0,2.0,1.0,10.0,10.0,10.0,1,0,PART,1,25,Y,Y,Y,N,N,400,T,1,spike rush,Y,N,Y,25,Landed 1 meter from point.  Forgot to change date on storyboard.
249,09/11/2014,11,WCA3,10:15,12:10,10:30,N,3,N31AT,GARY FREEMAN,SED/HNJ,18,S49551,S15996,3,S49553,A77112,4091111A,25.78649868,-80.81502474,NOMINAL,3,1,N,140,6,28.55,342,7.32,11.2,3.16,0.7,-71.7,1.30,1.40,1.20,1.30,1.80,1.90,2.10,1.93,0.50,0.50,0.90,0.63,9.0,5.0,4.5,0.0,0.0,0.0,10.5,10.5,10.5,2,0,ALL,9,80,N,Y,Y,N,N,180,T,"2,9 ",sawgrass,N,Y,Y,23,Sampled off right pontoon because GPS accuracy improved + location shifted after landing.  Measured @ 2.5 m because edge habitat did not extend to 5 m.
250,09/10/2014,11,WCA3,12:30,14:10,12:40,Y,2,N31AT,CARLOS LUQUE,JWA/BCS,12,S49551,S15996,3,S49553,A77112,4091013A,25.91166600,-80.58224400,NOMINAL,3/6,1,N,140,6,24,703,7.05,0.4,1.04,0.7,-66.3,0.90,1.20,1.20,1.10,5.20,5.50,5.40,5.37,4.30,4.30,4.20,4.27,2.0,2.0,1.0,0.0,0.0,0.0,10.0,10.0,9.5,1,0,ALL,1,0,N,N,N,N,N,0,Q,2,sawgrass,Y,N,Y,22,A lot of roots in soil cores.
251,09/17/2014,11,WCA3,8:45,11:10,9:05,N,4,N900HH,JORGE GOMES,GW/ES,12,S49549,S15995,2,S49552,A77112,2091709A,26.31172886,-80.64257268,NOMINAL,1,3,Y,140,6,27.85,315,7.2,0.4,2.18,0.69,20.5,1.10,1.45,1.10,1.22,2.55,2.20,2.55,2.43,1.45,0.75,1.45,1.22,1.5,2.0,2.0,0.0,0.0,0.0,10.0,10.0,10.5,1,0,ALL,1,15,Y,N,N,N,N,21,T,1,sawgrass,Y,N,N,16,PC sample is made of sweaters. All sweaters on dead/fallen sawgrass. Blue lid container filled with surounding periphyton.
252,09/10/2014,11,WCA3,15:05,17:15,15:25,N,1,N900HH,JORGE GOMES,CDD/MCF,18,S49549,S15995,2,S49529,A77112,2091016A,25.93227924,-80.46983040,NOMINAL,2,1,N,140,6,30.91,583,7.57,0.5,5.81,0.9,162.4,1.90,2.00,2.00,1.97,4.90,4.20,4.80,4.63,3.00,2.20,2.80,2.67,1.5,2.0,1.0,0.0,0.0,0.0,10.0,10.0,10.5,1,0,ALL,1,70,N,Y,Y,N,N,500,T,2,sawgrass,Y,Y,Y,26,Landed 1 meter from point.  Checked point location by walking to it with garmin.  Point is in sawgrass marsh not the open prairie.
253,09/09/2014,11,WCA3,10:13,12:05,10:20,N,2,N31AT,CARLOS LUQUE,JWA/BCS,18,S49551,S15996,3,S49553,A77112,4090910A,25.78631500,-80.66177300,NOMINAL,2,1,N,140,6,26.94,598,7.17,1,3.38,0.9,89,1.50,1.50,1.60,1.53,5.50,5.50,5.40,5.47,4.00,4.00,3.80,3.93,9.0,9.0,3.0,0.0,0.0,0.0,10.0,9.5,9.5,1,0,PART,1,20,N,Y,N,Y,N,80,T,2,sawgrass,Y,N,N,16,20% of floc sample lost due to container being dropped.  Photo 364- core discarded.  All roots.
254,09/15/2014,11,WCA3,16:00,17:45,16:20,N,4,N900HH,JORGE GOMES,JLM/GW,18,S49549,S15995,2,S49552,A77112,2091516A,26.15825946,-80.74930796,NOMINAL,2,3,N,140,6,33.36,350,7.69,0.9,8.54,1.15,117.1,1.95,1.75,1.70,1.80,4.00,4.25,4.25,4.17,2.05,2.50,2.55,2.37,0.0,2.5,2.0,0.0,0.0,0.0,10.0,10.0,10.0,1,0,ALL,1,0,N,N,N,N,Y,0,Q,2,sawgrass,N,N,N,18,
255,09/15/2014,11,WCA3,10:00,12:30,10:15,N,6,N31AT,CARLOS LUQUE,JCR/MGR,12,S49551,S15996,3,S49552,A77114,4091511A,26.18725384,-80.51208018,NOMINAL,1,3,Y,140,6,28.14,274,7.01,1.4,2.42,2.1,-29,2.10,2.20,2.30,2.20,4.30,4.20,4.30,4.27,2.20,2.00,2.00,2.07,1.0,0.5,1.0,0.0,0.0,0.0,10.0,10.0,10.0,1,0,ALL,1,0,N,N,N,N,Y,0,T,2,sawgrass,Y,N,Y,14,"No PC in quadrat, collected representative sample in area. No benthic periphyton mat in soil cores. Camera B 9/15/14,site 255 areal photo 0329.jpg-0337.jpg MGR. Trimble serial # not written down in front of logbook for 9/15/14.  On 3/6/15 trimble post processing file viewed to determine which trimble used for this station.   Determined that trimble A77114 used.  Coordinates verified."
256,09/14/2014,11,WCA3,14:45,17:30,15:25,N,4,N900HH,JORGE GOMES,JLM/GW,18,S49549,S15995,2,S49552,A77112,2091416A,26.03166943,-80.74361625,NOMINAL,6,1,N,140,6,32.51,395,7.81,0.2,7.75,1.1,160,1.40,1.50,1.55,1.48,4.00,3.95,4.05,4.00,2.60,2.45,2.50,2.52,0.0,0.0,0.0,2.0,2.5,2.0,10.0,10.0,10.0,0,0,NONE,1,0,Y,Y,Y,N,N,0,Q,1,sawgrass,N,Y,Y,22,"Periphyton was present at site, but absent within the randomly placed quadrat.  The types included floating, sweaters and soil mat.  60-80% coverage throughout site.  Quadrat was placed in very thick rush.  Do not know why third photo of soil core was not recorded by camera."
257,09/13/2014,11,WCA3,11:45,13:30,12:05,N,3,N900HH,JORGE GOMES,SED/HNJ,18,S49551,S15996,3,S49553,A77112,4091312A,26.00375700,-80.60548968,NOMINAL,2,2,N,140,6,26.98,368,7.07,0.4,1.64,1.8,-18.4,2.90,2.70,3.20,2.93,6.40,6.30,6.40,6.37,3.50,3.60,3.20,3.43,9.0,6.5,9.5,0.0,0.0,0.0,10.0,10.0,10.0,0,1,ALL,1,5,Y,Y,N,N,N,75,T,2,sawgrass,N,Y,Y,20,Floc allowed to settle prior to measurement. Lots of plant material - some collected in soil tub.
258,09/16/2014,11,WCA3,10:15,11:55,10:27,N,5,N900HH,JORGE GOMES,DML/TDS,12,S49549,S15995,3,S49552,A77112,2091610A,26.19556586,-80.72035787,NOMINAL,1,1,N,80,6,29.83,432,7.36,0.7,3.61,1.3,-22.3,1.60,1.90,1.70,1.73,5.00,4.30,5.20,4.83,3.40,2.40,3.50,3.10,19.0,4.0,17.0,0.0,0.0,0.0,10.0,10.0,10.0,1,1,PART,1,10,Y,Y,N,N,N,200,T,2,sawgrass,Y,Y,Y,15,"All floc measurements after dewatering inside core tube, removed all periphyton before soil core placed in tub.  Only one floc bottle."
259,09/13/2014,11,WCA3,14:25,16:30,14:35,N,2,N31AT,CARLOS LUQUE,JWA/BCS,12,S49549,S15995,2,S49552,A77112,2091315A,26.05164600,-80.54516300,NOMINAL,2,1,N,140,6,30.31,445,7.74,1,6.94,2.9,-79.7,3.80,3.50,3.70,3.67,5.80,5.40,5.60,5.60,2.00,1.90,1.90,1.93,0.5,1.0,8.0,0.0,0.0,2.0,10.0,9.5,10.0,2,0,ALL,1,20,N,Y,N,N,N,90,T,9,sawgrass,Y,N,Y,25,Collected additional periphyton from surrounding area to make composIte sample. Discarded first soil core (photo 581).
260,09/11/2014,11,WCA3,12:30,14:00,12:45,N,3,N31AT,GARY FREEMAN,SED/HNJ,18,S49551,S15996,3,S49553,A77112,4091113A,25.96473904,-80.75530391,NOMINAL,3,1,N,140,6,29.13,309,7.35,1.1,4.61,1.8,-129.5,2.00,2.10,2.10,2.07,4.70,6.10,4.70,5.17,2.70,4.00,2.60,3.10,4.0,5.5,7.5,0.0,0.0,0.0,10.0,10.0,10.0,1,0,ALL,1,60,Y,Y,N,N,N,50,T,9,water lily/SAV,N,N,N,25,"Floc allowed to settle after photo, prior to measurement. No sawgrass within 20 m."
261,09/14/2014,11,WCA3,8:45,11:00,8:50,N,5,N31AT,CARLOS LUQUE,DML/TDS,12,S49551,S15996,3,S49553,A77112,4091409A,26.00710274,-80.53701961,NOMINAL,1,3,Y,140,6,26.3,458,7.22,2.2,1.32,3,-189.6,3.20,3.20,3.20,3.20,5.40,5.40,5.30,5.37,2.20,2.20,2.10,2.17,2.0,2.0,3.0,0.0,0.0,0.0,10.0,10.0,10.0,1,0,PART,1,40,N,Y,N,N,N,800,T,10,lily pad,Y,N,Y,16,"1st Core loose material, Water Drained prior to collecting floc. Approximately 0.5 cm. Root mass covering top of all cores"
262,09/16/2014,11,WCA3,10:45,12:50,10:50,Y,6,N31AT,CARLOS LUQUE,JCR/MGR,18,S49551,S15996,2,S49553,A77114,4091611A,26.18515695,-80.64339023,NOMINAL,1,3,N,140,6,29.4,396,7.24,0.1,4.04,1.1,36.9,1.50,1.50,1.50,1.50,3.00,3.40,3.40,3.27,1.50,1.90,1.90,1.77,1.0,3.0,2.0,1.0,0.0,0.0,10.0,10.5,10.5,1,0,ALL,1,0,N,N,N,N,Y,0,T,2,sawgrass,Y,N,N,11,PB collected from soil sample 2. Hard to discern if PB or not. Collected anyway. 
263,09/11/2014,11,WCA3,9:35,11:40,9:55,N,1,N900HH,JORGE GOMES,CDD/MCF,12,S49549,S15995,2,S49529,A77112,2091110A,25.91589131,-80.47144181,NOMINAL,2,1,Y,140,6,28.48,535,7.39,0.3,4.37,0.8,12.6,1.80,1.80,1.90,1.83,4.00,4.10,4.00,4.03,2.20,2.30,2.10,2.20,1.5,3.0,3.0,0.0,0.0,0.0,10.0,10.0,10.0,1,0,PART,1,5,N,Y,N,N,N,20,T,2,sawgrass,N,N,N,20,"Periphyton cover was 5% or less.  Very hard to pin down value less than 5%.  Found more periphyton, but not a full cup.  Forgot to change date on storyboard."
264,09/11/2014,11,WCA3,14:00,15:45,14:15,N,1,N900HH,JORGE GOMES,CDD/MCF,12,S49549,S15995,2,S49529,A77112,2091114A,25.85002476,-80.61685433,NOMINAL,2,1,N,140,6,29.37,553,7.44,1.3,4.89,0.53,7.4,1.70,1.70,1.70,1.70,7.00,6.90,7.10,7.00,5.30,5.20,5.40,5.30,7.0,2.5,3.5,1.0,0.0,0.5,10.0,10.0,10.0,1,0,ALL,8,90,Y,Y,N,N,N,750,T,2,sawgrass,N,N,Y,23,Weak 1 cm cookie in first core.  Turned on its side in picture.
265,09/13/2014,11,WCA3,14:00,15:15,14:15,N,3,N900HH,JORGE GOMES,SED/HNJ,18,S49551,S15996,3,S49553,A77112,4091314A,26.05417765,-80.77174129,NOMINAL,3,1,N,140,6,30.51,360,7.96,0,8.99,1.4,98.8,1.40,1.50,1.50,1.47,2.90,2.70,3.10,2.90,1.50,1.20,1.60,1.43,0.0,0.0,0.0,2.5,2.0,2.5,10.5,10.5,10.0,0,0,NONE,8,100,Y,Y,Y,N,N,160,T,9,graminoids,N,N,N,17,Marl + peal layers started to separate at border.
266,09/17/2014,11,WCA3,13:45,15:47,14:05,N,4,N900HH,JORGE GOMES,GW/ES,12,S49549,S15995,2,S49552,A77112,2091714A,26.31828658,-80.56981399,NOMINAL,2,3,N,140,6,30.2,208,6.87,0,7.17,0.59,51.9,0.90,0.85,0.85,0.87,2.25,2.40,2.35,2.33,1.35,1.55,1.50,1.47,2.5,2.5,2.0,0.0,0.0,0.0,10.5,10.0,10.5,1,0,ALL,1,0,N,N,N,N,Y,0,Q,2,sawgrass,N,N,N,19,
267,09/10/2014,11,WCA3,12:30,15:00,13:00,N,1,N900HH,JORGE GOMES,CDD/MCF,18,S49549,S15995,2,S49529,A77112,2091013A,25.93357428,-80.44893197,NOMINAL,2,1,N,140,6,30.57,606,7.6,0.4,5.98,1.5,176.3,2.30,2.30,2.30,2.30,4.30,4.70,4.80,4.60,2.00,2.40,2.50,2.30,0.0,2.0,5.0,2.5,1.5,2.5,10.0,10.0,10.0,1,0,PART,1,100,N,Y,Y,N,N,140,T,2,sawgrass,N,N,N,27,Landed 1 meter from point.  2 pics of second core.  There was a 2cm layer of floc under cookie of second core and a 5 cm layer of floc under cookie in the 3rd core.
268,09/09/2014,11,WCA3,14:00,15:25,14:10,N,2,N31AT,CARLOS LUQUE,JWA/BCS,18,S49551,S15996,3,S49553,A77112,4090914A,25.80613700,-80.56478600,NOMINAL,1,1,N,140,5,31.66,383,7.59,0.9,6.73,0.5,142.9,1.30,1.30,1.40,1.33,7.60,8.30,7.60,7.83,6.30,7.00,6.20,6.50,2.5,9.0,7.0,0.0,0.0,0.0,10.0,10.0,10.5,1,0,ALL,1,0,N,N,N,N,N,0,T,2,sawgrass,Y,N,N,20,
269,09/16/2014,11,WCA3,13:00,14:50,13:30,N,6,N31AT,CARLOS LUQUE,JCR/MGR,18,S49551,S15996,2,S49553,A77114,4091613A,26.22933456,-80.67810415,NOMINAL,1,3,N,140,6,29.62,461,7.18,0,2.33,1.7,-84.2,1.70,1.80,1.70,1.73,2.90,2.70,3.00,2.87,1.20,0.90,1.30,1.13,0.0,1.0,3.5,0.0,0.0,0.0,10.5,10.0,9.5,1,0,ALL,1,0,N,N,N,N,Y,0,T,4,cattail,Y,N,N,11,Soil samples contain fine roots.
270,09/11/2014,11,WCA3,14:20,15:45,14:35,N,3,N31AT,GARY FREEMAN,SED/HNJ,18,S49551,S15996,3,S49553,A77112,4091115A,25.99360100,-80.67593921,NOMINAL,4,1,N,140,6,30.48,328,7.27,0.1,5.29,0.5,108.9,1.20,1.20,1.40,1.27,5.00,5.10,5.20,5.10,3.80,3.90,3.80,3.83,6.0,7.0,10.0,0.0,0.5,1.0,9.5,10.0,10.0,3,0,ALL,1,1,N,Y,N,N,Y,0,Q,2,sawgrass,N,N,Y,20,"Floc allowed to settle after photos, prior to measurements. Part of core 3 floc measurement was plant material, removed from sample. Periphyton in quadrat = very thin layer on some sawgrass stems. Could not collect."
271,09/16/2014,11,WCA3,8:28,10:10,8:45,N,5,N900HH,JORGE GOMES,DML/TDS,12,S49549,S15995,3,S49552,A77112,2091609A,26.18822104,-80.72196626,NOMINAL,1,1,Y,140,6,29.16,397,7.48,1.2,3.82,1.1,-59.5,1.90,1.70,1.80,1.80,3.30,4.10,3.10,3.50,1.40,2.40,1.30,1.70,4.5,2.5,11.0,0.0,0.0,0.0,10.0,10.0,10.0,2,0,PART,1,100,Y,Y,N,N,N,700,T,1,spike rush/short grass,N,N,N,15,"All floc measurements after dewatering inside core tube, removed all periphyton before soil core placed in tub"
299,09/18/2014,11,WCA2,12:45,14:30,13:10,N,4,N900HH,JORGE GOMES,GW/JLM,18,S49551,S15996,3,S49553,A77114,4091813A,26.41365169,-80.43911756,NOMINAL,3,3,N,140,6,29.28,746,7.25,0.1,3.48,1.14,136.6,2.20,2.20,2.30,2.23,8.05,8.10,8.10,8.08,5.85,5.90,5.80,5.85,3.0,3.0,3.0,0.0,0.0,0.0,10.0,10.0,9.5,1,0,ALL,1,5,N,Y,N,N,N,54,Q,2,sawgrass,N,Y,Y,18,"PC sample was added to by surrounding sweater periphyton, very little at site. Did not fill PC cup given a 30 minute time period. Field sheet photo taken after landing at next station (station 156). "
301,09/18/2014,11,WCA2,17:10,17:50,17:30,N,4,N900HH,JORGE GOMES,GW/JLM,18,S49551,S15996,3,S49553,A77114,4091908A,26.34543924,-80.47860739,NOMINAL,4,2,N,140,6,31.27,682,7.53,0.3,4.85,2.16,-18.4,2.50,2.40,2.30,2.40,6.80,6.70,6.80,6.77,4.30,4.30,4.50,4.37,7.5,8.0,6.5,0.0,0.0,0.0,10.0,10.0,10.0,1,0,PART,1,100,Y,Y,N,N,N,400,T,9,spike rush,N,N,N,25-30,"Water sampled on 9/18/2014.  All other media sampled on 9/19/2014 am by DML/TDS.  See log book 5 Pg 28.  All floc measurements after dewatering inside core tube, measurements taken inside core tube.  Book 5 notes= Large root mass in first soil core.  Floc measured after dewatering column."
302,09/18/2014,11,WCA2,8:25,10:05,8:55,N,6,N31AT,CARLOS LUQUE,JCR/MGR,12,S49549,S15995,2,S49552,A77112,2091809A,26.15446795,-80.34107737,NOMINAL,3,3,Y,140,6,28.5,435,7.4,0.7,3.6,2.2,5.5,3.00,3.00,3.60,3.20,5.80,5.70,6.60,6.03,2.80,2.70,3.00,2.83,1.0,3.0,2.0,0.0,0.0,0.0,10.5,10.5,10.5,1,0,ALL,1,0,N,N,N,N,Y,0,T,2,sawgrass,N,N,N,19,"Soil cores contain a lot of detritus, visible in picture. Also fine roots. PC periphyton sparse and not in quadrat, collected from around site. No field sheet picture."
303,09/18/2014,11,WCA2,13:05,14:50,13:25,N,6,N31AT,CARLOS LUQUE,JCR/MGR,12,S49549,S15995,2,S49552,A77112,2091813A,26.28173100,-80.39530000,NOMINAL,3,1,N,140,6,30.24,630,7.76,0.8,5.8,2.9,-50.9,3.30,3.20,3.30,3.27,6.40,6.20,6.60,6.40,3.10,3.00,3.30,3.13,2.0,2.0,3.0,0.0,0.0,0.0,10.0,10.0,10.0,1,0,ALL,1,20,Y,Y,N,Y,N,200,T,9,sawgrass,Y,N,Y,21,Logged trimble file but forgot to get coordinates before exiting.
305,09/17/2014,11,WCA2,12:30,13:59,12:40,N,5,N31AT,CARLOS LUQUE,DML/TDS,18,S49551,S15996,3,S49553,A77114,4091713A,26.22478027,-80.32606356,NOMINAL,1,1,N,140,6,27.21,584,6.9,3.5,1.89,0.5,80.7,0.80,1.00,1.00,0.93,7.00,6.20,7.80,7.00,6.20,5.20,6.80,6.07,12.0,18.5,18.0,0.0,0.0,0.0,10.0,10.0,10.0,1,1,PART,1,0,N,N,N,N,Y,0,T,2,sawgrass,Y,N,N,16,"All floc measurements after dewatering inside core tube, measurements taken inside core tube"
311,09/19/2014,11,LNWR,9:40,11:17,9:55,N,5,N900HH,JORGE GOMES,DML/TDS,18,S49551,S15996,2,S49553,A77112,4091911A,26.43065595,-80.35340174,NOMINAL,1,1,Y,70,6,27.01,70,5.99,1.2,1.73,1.4,114.3,2.60,2.30,2.70,2.53,9.90,9.90,10.00,9.93,7.30,7.60,7.30,7.40,8.5,32.0,15.0,0.0,0.0,0.0,10.0,10.0,10.0,2,0,PART,1,0,N,N,N,N,Y,0,T,2,sawgrass,N,N,N,15-20,"Fish were from nearby slough. All floc measurements after dewatering inside core tube, measurements taken inside core tube"
312,09/19/2014,11,LNWR,15:10,16:50,15:30,N,6,N31AT,CARLOS LUQUE,JCR/MGR,12,S49549,S15995,3,S49552,A77112,2091915A,26.37466699,-80.30517296,NOMINAL,4,3,N,140,6,28.73,90,6.41,2.5,4.58,1.3,68.3,2.80,2.80,2.90,2.83,8.80,8.50,8.40,8.57,6.00,5.70,5.50,5.73,9.0,5.0,6.0,0.0,0.0,0.0,10.0,10.0,10.0,2,0,ALL,1,0,N,N,N,N,Y,0,T,9,sawgrass,Y,N,N,10,No PC.
313,09/19/2014,11,LNWR,9:00,10:46,9:15,N,6,N31AT,CARLOS LUQUE,JCR/MGR,12,S49549,S15995,3,S49552,A77112,2091909A,26.48658139,-80.32227121,NOMINAL,2,3,Y,140,6,27.75,55,6.05,2.5,2.34,1.2,42.3,1.70,1.90,1.80,1.80,11.00,10.00,10.00,10.33,9.30,8.10,8.20,8.53,8.0,8.0,7.0,0.0,0.0,0.0,10.0,10.0,10.0,2,0,ALL,1,5,N,N,N,Y,Y,440,T,9,lily pad,N,N,N,10,
314,09/20/2014,11,LNWR,13:15,14:30,13:30,N,5,N900HH,JORGE GOMES,DML/TDS,18,S49551,S15996,2,S49553,A77114,4092013A,26.52671409,-80.26791062,NOMINAL,2,1,N,100,6,29.72,77,6.32,2.9,0.87,1.3,167.9,2.00,2.20,2.20,2.13,8.90,8.30,7.80,8.33,6.90,6.10,5.60,6.20,15.0,12.0,10.0,0.0,0.0,0.0,10.0,10.0,10.0,0,1,PART,1,0,N,N,N,N,Y,0,T,9,lily pad and grass,N,N,Y,25,"floc measured after dewatering, inside of core tube. See logbook for dominant vegetation type notes, unable to ID.  Lillypads present also"
315,09/20/2014,11,LNWR,11:45,13:05,12:00,N,5,N900HH,JORGE GOMES,DML/TDS,18,S49551,S15996,2,S49553,A77114,4092012A,26.52560785,-80.33252780,NOMINAL,2,1,N,120,6,28.7,72,6.11,2.1,4.96,0.9,196.7,1.30,1.30,1.60,1.40,11.30,11.20,11.20,11.23,10.00,9.90,9.60,9.83,5.5,3.0,13.0,0.0,0.0,0.0,10.0,10.0,10.0,2,0,PART,1,0,N,N,N,N,Y,0,T,1,Tracy’s beakrush,N,Y,Y,15-20,"floc measured after dewatering, inside of core tube. See logbook for dominant vegetation type notes, unable to ID. Edge of slough and sawgrass/willow marsh.   Upon inspection of photos Project leads Kalla and Scheidt determined vegitation type is a ""1"" wet prairie.  Also, Dominant Macro identified by Jennifer Richards of FIU."
316,09/19/2014,11,LNWR,15:33,16:54,15:50,N,5,N900HH,JORGE GOMES,DML/TDS,18,S49551,S15996,2,S49553,A77114,4091916A,26.49849926,-80.38295440,NOMINAL,3,1,N,30,6,29.52,72,6.2,3.6,5.68,0.8,186.4,1.00,1.10,1.10,1.07,13.20,13.10,12.30,12.87,12.20,12.00,11.20,11.80,20.0,3.5,5.0,0.0,0.0,0.0,10.0,10.0,10.0,1,1,PART,1,0,N,N,N,N,Y,0,T,2,sawgrass,N,N,Y,17,1st core: Very mixed up floc.  2nd core: Defined 3.5 cm floc layer.
,,,,,,,,,,,,,,,,,,,,,,,,,,,,,,,,,,,,,,,,,,,,,,,,,,,,,,,,,,,,,,,,,,,,,,,,,
,,,,,,,,,,,,,,,,,,,,,,,,,,,,,,,,,,,,,,,,,,,,,,,,,,,,,,,,,,,,,,,,,,,,,,,,,
,,,,,,,,,,,,,,,,,,,,,,,,,,,,,,,,,,,,,,,,,,,,,,,,,,,,,,,,,,,,,,,,,,,,,,,,,
,,,,,,,,,,,,,,,,,,,,,,,,,,,,,,,,,,,,,,,,,,,,,,,,,,,,,,,,,,,,,,,,,,,,,,,,,
,,,,,,,,,,,,,,,,,,,,,,,,,,,,,,,,,,,,,,,,,,,,,,,,,,,,,,,,,,,,,,,,,,,,,,,,,
,,,,,,,,,,,,,,,,,,,,,,,,,,,,,,,,,,,,,,,,,,,,,,,,,,,,,,,,,,,,,,,,,,,,,,,,,
,,,,,,,,,,,,,,,,,,,,,,,,,,,,,,,,,,,,,,,,,,,,,,,,,,,,,,,,,,,,,,,,,,,,,,,,,
,,,,,,,,,,,,,,,,,,,,,,,,,,,,,,,,,,,,,,,,,,,,,,,,,,,,,,,,,,,,,,,,,,,,,,,,,
,,,,,,,,,,,,,,,,,,,,,,,,,,,,,,,,,,,,,,,,,,,,,,,,,,,,,,,,,,,,,,,,,,,,,,,,,
,,,,,,,,,,,,,,,,,,,,,,,,,,,,,,,,,,,,,,,,,,,,,,,,,,,,,,,,,,,,,,,,,,,,,,,,,
,,,,,,,,,,,,,,,,,,,,,,,,,,,,,,,,,,,,,,,,,,,,,,,,,,,,,,,,,,,,,,,,,,,,,,,,,
,,,,,,,,,,,,,,,,,,,,,,,,,,,,,,,,,,,,,,,,,,,,,,,,,,,,,,,,,,,,,,,,,,,,,,,,,
,,,,,,,,,,,,,,,,,,,,,,,,,,,,,,,,,,,,,,,,,,,,,,,,,,,,,,,,,,,,,,,,,,,,,,,,,
,,,,,,,,,,,,,,,,,,,,,,,,,,,,,,,,,,,,,,,,,,,,,,,,,,,,,,,,,,,,,,,,,,,,,,,,,
,,,,,,,,,,,,,,,,,,,,,,,,,,,,,,,,,,,,,,,,,,,,,,,,,,,,,,,,,,,,,,,,,,,,,,,,,
,,,,,,,,,,,,,,,,,,,,,,,,,,,,,,,,,,,,,,,,,,,,,,,,,,,,,,,,,,,,,,,,,,,,,,,,,
,,,,,,,,,,,,,,,,,,,,,,,,,,,,,,,,,,,,,,,,,,,,,,,,,,,,,,,,,,,,,,,,,,,,,,,,,
,,,,,,,,,,,,,,,,,,,,,,,,,,,,,,,,,,,,,,,,,,,,,,,,,,,,,,,,,,,,,,,,,,,,,,,,,
,,,,,,,,,,,,,,,,,,,,,,,,,,,,,,,,,,,,,,,,,,,,,,,,,,,,,,,,,,,,,,,,,,,,,,,,,
,,,,,,,,,,,,,,,,,,,,,,,,,,,,,,,,,,,,,,,,,,,,,,,,,,,,,,,,,,,,,,,,,,,,,,,,,